{"stats":{"minecraft:dropped":{"byg:foxglove":1,"minecraft:wheat_seeds":1,"minecraft:mossy_cobblestone":7,"minecraft:stick":3,"byg:skyris_sapling":19,"byg:crocus":1,"minecraft:sponge":1,"minecraft:wooden_pickaxe":1,"minecraft:red_tulip":1,"minecraft:magma_block":2},"minecraft:killed_by":{"minecraft:zombie":1,"minecraft:illusioner":5},"minecraft:mined":{"minecraft:brown_mushroom":3,"minecraft:torch":9,"excavated_variants:dripstone_iron_ore":3,"byg:skyris_log":73,"minecraft:campfire":1,"quark:blossom_log":92,"minecraft:redstone_wire":1,"minecraft:sugar_cane":1,"byg:mossy_stone":16,"minecraft:wall_torch":6,"minecraft:spawner":1,"minecraft:light_blue_stained_glass":1,"minecraft:hay_block":1,"excavated_variants:quark_shale_iron_ore":8,"byg:crocus":1,"minecraft:magma_block":2,"byg:skyris_crafting_table":1,"verdure:rock":1,"byg:palm_log":12,"minecraft:iron_ore":5,"minecraft:ice":10,"minecraft:blue_ice":3,"minecraft:spruce_log":1,"byg:foxglove":2,"minecraft:grass":1,"minecraft:sand":38,"minecraft:packed_ice":11,"byg:rocky_stone":6,"minecraft:stone":6},"minecraft:broken":{"minecraft:stone_axe":1},"minecraft:used":{"quark:blossom_log":15,"byg:skyris_crafting_table":2,"minecraft:water_bucket":1,"minecraft:stone_pickaxe":81,"minecraft:wooden_pickaxe":8,"minecraft:brown_mushroom":2,"byg:rocky_stone":15,"byg:palm_crafting_table":1,"minecraft:torch":18,"minecraft:sand":48,"minecraft:sponge":1,"minecraft:snowball":40,"byg:skyris_planks":2,"carryon:entity_item":6,"minecraft:stone_axe":197,"neapolitan:ice_cubes":2,"minecraft:bucket":1,"byg:green_apple":19,"quark:blossom_planks":8},"minecraft:killed":{"minecraft:spider":1,"minecraft:zombie":5},"minecraft:custom":{"minecraft:interact_with_furnace":1,"minecraft:mob_kills":7,"minecraft:interact_with_crafting_table":5,"minecraft:open_barrel":9,"minecraft:leave_game":1,"minecraft:time_since_death":2077,"minecraft:sleep_in_bed":1,"minecraft:climb_one_cm":230,"minecraft:time_since_rest":1959,"minecraft:sprint_one_cm":71955,"minecraft:damage_taken":2600,"minecraft:walk_one_cm":59607,"minecraft:drop":11,"minecraft:damage_dealt":1548,"minecraft:swim_one_cm":12513,"minecraft:fly_one_cm":130156,"minecraft:open_chest":9,"minecraft:crouch_one_cm":2273,"minecraft:play_time":30510,"minecraft:deaths":7,"minecraft:sneak_time":1460,"minecraft:walk_under_water_one_cm":12084,"minecraft:jump":814,"minecraft:walk_on_water_one_cm":8482,"minecraft:total_world_time":30510,"minecraft:fall_one_cm":31821},"minecraft:picked_up":{"minecraft:charcoal":2,"minecraft:magma_block":3,"byg:foxglove":2,"minecraft:brown_mushroom":3,"minecraft:wooden_pickaxe":1,"verdure:rock":1,"byg:crocus":2,"quark:light_blue_shard":3,"minecraft:string":1,"minecraft:dirt":23,"spirit:broken_spawner":1,"minecraft:white_carpet":5,"byg:palm_sapling":1,"neapolitan:ice_cubes":43,"minecraft:wheat_seeds":1,"byg:skyris_sapling":38,"minecraft:player_head":1,"delightful:green_tea_leaf":7,"minecraft:sugar_cane":8,"quark:blue_blossom_sapling":31,"minecraft:stick":9,"minecraft:raw_iron":16,"minecraft:torch":17,"quark:blossom_log":90,"minecraft:sand":48,"byg:green_apple":81,"minecraft:redstone":2,"minecraft:mossy_cobblestone":23,"minecraft:brown_carpet":1,"byg:skyris_log":73,"minecraft:rotten_flesh":9,"byg:skyris_crafting_table":1,"minecraft:hay_block":1,"minecraft:red_tulip":1,"byg:palm_log":12,"minecraft:snowball":43,"byg:rocky_stone":6,"minecraft:cobblestone":6},"minecraft:crafted":{"byg:palm_crafting_table":1,"quark:blossom_planks":60,"byg:skyris_crafting_table":1,"minecraft:wooden_pickaxe":1,"minecraft:stone_axe":2,"byg:palm_planks":48,"byg:skyris_planks":20,"minecraft:stick":4,"minecraft:stone_pickaxe":1,"minecraft:torch":8,"minecraft:wheat":9}},"DataVersion":2975}