{"stats":{"minecraft:killed":{"minecraft:skeleton":1,"minecraft:zombie":3},"minecraft:used":{"minecraft:water_bucket":1,"minecraft:wooden_axe":49,"byg:skyris_crafting_table":1,"minecraft:stone_pickaxe":22,"minecraft:wooden_pickaxe":3,"minecraft:bucket":1},"minecraft:picked_up":{"minecraft:leather_chestplate":1,"minecraft:stick":5,"byg:green_apple":46,"byg:crocus":2,"minecraft:mossy_cobblestone":3,"spirit:broken_spawner":2,"byg:skyris_log":39,"minecraft:bone":2,"minecraft:rotten_flesh":4,"byg:skyris_sapling":12,"delightful:green_tea_leaf":2,"minecraft:cobblestone":2},"minecraft:mined":{"byg:green_apple_skyris_leaves":1,"byg:crocus":2,"byg:skyris_leaves":3,"minecraft:cobblestone_stairs":1,"byg:skyris_log":40,"minecraft:cobblestone":3,"byg:mossy_stone":3,"minecraft:spawner":2},"minecraft:broken":{"minecraft:wooden_axe":1},"minecraft:crafted":{"byg:skyris_planks":156,"byg:skyris_crafting_table":1,"minecraft:stick":40,"minecraft:wooden_pickaxe":1,"minecraft:stone_pickaxe":1,"minecraft:wooden_axe":1},"minecraft:killed_by":{"minecraft:zombie":1},"minecraft:custom":{"minecraft:time_since_rest":3367,"minecraft:damage_taken":467,"minecraft:interact_with_furnace":1,"minecraft:sprint_one_cm":7816,"minecraft:walk_one_cm":16351,"minecraft:mob_kills":4,"minecraft:damage_dealt":799,"minecraft:interact_with_crafting_table":6,"minecraft:fly_one_cm":6408,"minecraft:open_barrel":8,"minecraft:crouch_one_cm":677,"minecraft:play_time":6872,"minecraft:deaths":1,"minecraft:sneak_time":112,"minecraft:walk_under_water_one_cm":238,"minecraft:jump":95,"minecraft:leave_game":1,"minecraft:walk_on_water_one_cm":48,"minecraft:time_since_death":2537,"minecraft:total_world_time":6872,"minecraft:fall_one_cm":2563}},"DataVersion":2975}