{"stats":{"minecraft:killed_by":{"minecraft:zombie":1},"minecraft:mined":{"minecraft:hay_block":1,"byg:crocus":1,"byg:skyris_crafting_table":1,"minecraft:brown_mushroom":1,"verdure:rock":1,"byg:foxglove":2,"byg:skyris_log":73,"minecraft:campfire":1,"byg:mossy_stone":6,"minecraft:spawner":1},"minecraft:used":{"byg:skyris_crafting_table":1,"byg:skyris_planks":2,"minecraft:stone_pickaxe":3,"minecraft:wooden_pickaxe":8,"minecraft:stone_axe":82,"byg:green_apple":3},"minecraft:killed":{"minecraft:zombie":4},"minecraft:picked_up":{"minecraft:charcoal":2,"minecraft:stick":8,"byg:foxglove":1,"minecraft:brown_mushroom":1,"verdure:rock":1,"byg:green_apple":80,"byg:crocus":1,"minecraft:mossy_cobblestone":6,"spirit:broken_spawner":1,"byg:skyris_log":73,"minecraft:rotten_flesh":7,"byg:skyris_crafting_table":1,"minecraft:hay_block":1,"byg:skyris_sapling":19,"minecraft:player_head":1,"delightful:green_tea_leaf":2},"minecraft:custom":{"minecraft:time_since_rest":3764,"minecraft:sprint_one_cm":18410,"minecraft:damage_taken":415,"minecraft:walk_one_cm":16932,"minecraft:mob_kills":4,"minecraft:damage_dealt":994,"minecraft:interact_with_crafting_table":3,"minecraft:fly_one_cm":18657,"minecraft:open_barrel":8,"minecraft:crouch_one_cm":236,"minecraft:play_time":6510,"minecraft:deaths":1,"minecraft:sneak_time":51,"minecraft:jump":193,"minecraft:leave_game":1,"minecraft:time_since_death":3742,"minecraft:total_world_time":6510,"minecraft:fall_one_cm":6471},"minecraft:crafted":{"byg:skyris_planks":20,"byg:skyris_crafting_table":1,"minecraft:stick":4,"minecraft:wooden_pickaxe":1,"minecraft:stone_pickaxe":1,"minecraft:stone_axe":1}},"DataVersion":2975}