{"stats":{"minecraft:killed_by":{"minecraft:zombie":1},"minecraft:mined":{"minecraft:hay_block":1,"byg:crocus":1,"byg:skyris_crafting_table":1,"minecraft:brown_mushroom":1,"verdure:rock":1,"byg:palm_log":12,"minecraft:ice":6,"minecraft:spruce_log":1,"minecraft:torch":9,"byg:foxglove":2,"byg:skyris_log":73,"quark:blossom_log":81,"minecraft:sand":38,"minecraft:campfire":1,"byg:rocky_stone":5,"minecraft:sugar_cane":1,"byg:mossy_stone":16,"minecraft:wall_torch":5,"minecraft:spawner":1},"minecraft:broken":{"minecraft:stone_axe":1},"minecraft:used":{"minecraft:water_bucket":1,"byg:skyris_crafting_table":2,"byg:skyris_planks":2,"minecraft:stone_pickaxe":36,"minecraft:wooden_pickaxe":8,"minecraft:stone_axe":181,"minecraft:torch":12,"minecraft:sand":48,"neapolitan:ice_cubes":2,"minecraft:bucket":1,"byg:green_apple":14},"minecraft:killed":{"minecraft:zombie":5},"minecraft:custom":{"minecraft:time_since_rest":15764,"minecraft:sprint_one_cm":46005,"minecraft:damage_taken":720,"minecraft:walk_one_cm":41391,"minecraft:mob_kills":5,"minecraft:damage_dealt":1275,"minecraft:swim_one_cm":12278,"minecraft:interact_with_crafting_table":4,"minecraft:fly_one_cm":81463,"minecraft:open_barrel":9,"minecraft:crouch_one_cm":1340,"minecraft:play_time":18510,"minecraft:deaths":1,"minecraft:sneak_time":516,"minecraft:walk_under_water_one_cm":2532,"minecraft:jump":539,"minecraft:walk_on_water_one_cm":2026,"minecraft:leave_game":1,"minecraft:time_since_death":15742,"minecraft:climb_one_cm":230,"minecraft:total_world_time":18510,"minecraft:fall_one_cm":17848},"minecraft:picked_up":{"quark:blue_blossom_sapling":14,"minecraft:charcoal":2,"minecraft:stick":9,"byg:foxglove":1,"minecraft:brown_mushroom":1,"minecraft:torch":14,"verdure:rock":1,"quark:blossom_log":51,"minecraft:sand":48,"byg:green_apple":81,"byg:crocus":1,"minecraft:mossy_cobblestone":16,"spirit:broken_spawner":1,"byg:skyris_log":73,"byg:palm_sapling":1,"minecraft:rotten_flesh":9,"byg:skyris_crafting_table":1,"neapolitan:ice_cubes":39,"minecraft:hay_block":1,"byg:skyris_sapling":19,"minecraft:player_head":1,"byg:palm_log":12,"minecraft:sugar_cane":8,"delightful:green_tea_leaf":4,"byg:rocky_stone":5},"minecraft:crafted":{"byg:skyris_planks":20,"byg:skyris_crafting_table":1,"minecraft:stick":4,"minecraft:wooden_pickaxe":1,"minecraft:stone_pickaxe":1,"minecraft:torch":8,"minecraft:stone_axe":2,"minecraft:wheat":9}},"DataVersion":2975}