{"stats":{"minecraft:dropped":{"byg:foxglove":1,"minecraft:wheat_seeds":2,"minecraft:mossy_cobblestone":7,"minecraft:cobblestone":1,"minecraft:stick":3,"byg:skyris_sapling":19,"minecraft:torch":5,"byg:crocus":1,"minecraft:sponge":1,"minecraft:spider_eye":1,"minecraft:wooden_pickaxe":6,"minecraft:red_tulip":1,"minecraft:magma_block":2},"minecraft:killed_by":{"minecraft:skeleton":1,"minecraft:zombie":1,"minecraft:illusioner":5},"minecraft:mined":{"minecraft:brown_mushroom":3,"minecraft:torch":9,"excavated_variants:diorite_iron_ore":2,"verdure:brown_mushroom_shelf":1,"excavated_variants:dripstone_iron_ore":9,"byg:skyris_log":73,"minecraft:campfire":1,"quark:blossom_log":98,"minecraft:redstone_wire":1,"minecraft:sugar_cane":1,"minecraft:diorite":2,"byg:mossy_stone":16,"minecraft:wall_torch":7,"minecraft:spawner":1,"minecraft:light_blue_stained_glass":1,"minecraft:hay_block":1,"excavated_variants:quark_shale_iron_ore":8,"byg:crocus":1,"minecraft:magma_block":2,"byg:skyris_crafting_table":1,"verdure:rock":1,"byg:palm_log":12,"minecraft:iron_ore":18,"minecraft:ice":10,"minecraft:blue_ice":3,"minecraft:spruce_log":1,"byg:foxglove":2,"minecraft:grass":1,"minecraft:coal_ore":10,"minecraft:deepslate_iron_ore":1,"minecraft:dripstone_block":1,"minecraft:sand":38,"minecraft:packed_ice":11,"byg:rocky_stone":6,"minecraft:stone":13,"minecraft:deepslate":3},"minecraft:broken":{"minecraft:stone_axe":1},"minecraft:used":{"quark:blossom_log":21,"byg:skyris_crafting_table":2,"minecraft:water_bucket":1,"minecraft:diorite":2,"minecraft:stone_pickaxe":112,"minecraft:chest":2,"minecraft:wooden_pickaxe":8,"minecraft:iron_sword":11,"minecraft:brown_mushroom":2,"byg:rocky_stone":15,"byg:palm_crafting_table":2,"minecraft:torch":19,"minecraft:sand":48,"minecraft:sponge":1,"minecraft:snowball":40,"minecraft:iron_pickaxe":16,"byg:skyris_planks":2,"carryon:entity_item":6,"minecraft:iron_boots":1,"minecraft:stone_axe":208,"neapolitan:ice_cubes":2,"minecraft:furnace":1,"minecraft:bucket":1,"byg:green_apple":26,"quark:blossom_planks":8,"minecraft:cobbled_deepslate":2,"minecraft:iron_leggings":1},"minecraft:killed":{"minecraft:zombie_villager":1,"minecraft:spider":1,"minecraft:creeper":1,"minecraft:skeleton":1,"minecraft:zombie":7},"minecraft:custom":{"minecraft:interact_with_furnace":8,"minecraft:mob_kills":12,"minecraft:interact_with_crafting_table":15,"minecraft:open_barrel":9,"minecraft:leave_game":1,"minecraft:time_since_death":10863,"minecraft:sleep_in_bed":1,"minecraft:climb_one_cm":230,"minecraft:time_since_rest":10887,"minecraft:sprint_one_cm":92384,"minecraft:damage_taken":2999,"minecraft:walk_one_cm":69306,"minecraft:drop":20,"minecraft:damage_dealt":2449,"minecraft:swim_one_cm":12513,"minecraft:fly_one_cm":154752,"minecraft:open_chest":22,"minecraft:crouch_one_cm":2649,"minecraft:play_time":42510,"minecraft:deaths":8,"minecraft:sneak_time":2120,"minecraft:walk_under_water_one_cm":12245,"minecraft:jump":996,"minecraft:walk_on_water_one_cm":9689,"minecraft:total_world_time":42510,"minecraft:fall_one_cm":43968},"minecraft:picked_up":{"minecraft:charcoal":2,"minecraft:magma_block":3,"byg:foxglove":2,"minecraft:brown_mushroom":4,"minecraft:wooden_pickaxe":6,"verdure:rock":1,"byg:crocus":2,"quark:light_blue_shard":3,"minecraft:string":1,"minecraft:dirt":23,"spirit:broken_spawner":1,"minecraft:white_carpet":5,"byg:palm_sapling":1,"neapolitan:ice_cubes":43,"minecraft:wheat_seeds":2,"minecraft:cobbled_deepslate":2,"byg:skyris_sapling":38,"minecraft:player_head":1,"delightful:green_tea_leaf":7,"minecraft:sugar_cane":8,"quark:blue_blossom_sapling":31,"minecraft:stick":9,"minecraft:raw_iron":37,"minecraft:dripstone_block":1,"minecraft:torch":23,"quark:blossom_log":96,"minecraft:sand":48,"byg:green_apple":81,"minecraft:diorite":2,"minecraft:redstone":2,"minecraft:spider_eye":1,"minecraft:mossy_cobblestone":23,"minecraft:brown_carpet":1,"byg:skyris_log":73,"minecraft:arrow":2,"minecraft:rotten_flesh":9,"byg:skyris_crafting_table":1,"minecraft:hay_block":1,"minecraft:red_tulip":1,"byg:palm_log":12,"minecraft:coal":10,"minecraft:snowball":43,"byg:rocky_stone":6,"minecraft:cobblestone":13},"minecraft:crafted":{"byg:palm_crafting_table":2,"quark:blossom_planks":60,"byg:skyris_crafting_table":1,"minecraft:wooden_pickaxe":1,"minecraft:iron_sword":1,"minecraft:furnace":1,"minecraft:stone_axe":2,"minecraft:air":0,"byg:palm_planks":48,"byg:skyris_planks":20,"minecraft:iron_boots":1,"minecraft:iron_chestplate":1,"minecraft:iron_axe":1,"minecraft:stick":20,"minecraft:iron_pickaxe":1,"minecraft:iron_ingot":24,"minecraft:stone_pickaxe":1,"minecraft:chest":3,"minecraft:iron_leggings":1,"minecraft:torch":8,"minecraft:wheat":9}},"DataVersion":2975}