{
  "upgradednetherite_items:recipes/upgraded_netherite_pearl_smithing": {
    "criteria": {
      "has_ender_pearl": "2024-08-05 11:00:23 +0000"
    },
    "done": true
  },
  "woodworks:recipes/decorations/crimson_chest": {
    "criteria": {
      "has_lots_of_items": "2024-08-05 11:01:24 +0000"
    },
    "done": true
  },
  "woodworks:recipes/decorations/spruce_chest": {
    "criteria": {
      "has_lots_of_items": "2024-08-05 11:01:24 +0000"
    },
    "done": true
  },
  "another_furniture:recipes/another_furniture/oak_drawer": {
    "criteria": {
      "has_planks": "2024-08-05 11:01:08 +0000"
    },
    "done": true
  },
  "minecraft:recipes/tools/wooden_axe": {
    "criteria": {
      "has_stick": "2024-08-05 11:01:08 +0000"
    },
    "done": true
  },
  "ecologics:recipes/ecologics/walnut_boat": {
    "criteria": {
      "in_water": "2024-08-05 16:56:24 +0000"
    },
    "done": true
  },
  "minecraft:recipes/redstone/lever": {
    "criteria": {
      "has_cobblestone": "2024-08-05 16:55:23 +0000"
    },
    "done": true
  },
  "minecraft:recipes/building_blocks/cobblestone_stairs_from_cobblestone_stonecutting": {
    "criteria": {
      "has_cobblestone": "2024-08-05 16:55:23 +0000"
    },
    "done": true
  },
  "farmersdelight:recipes/farmersdelight/organic_compost_from_rotten_flesh": {
    "criteria": {
      "has_rotten_flesh": "2024-08-05 11:01:46 +0000"
    },
    "done": true
  },
  "upgradednetherite:recipes/upgraded_netherite_chestplate_smithing": {
    "criteria": {
      "has_netherite_chestplate": "2024-08-05 11:00:22 +0000"
    },
    "done": true
  },
  "environmental:recipes/decorations/cherry_ladder": {
    "criteria": {
      "has_stick": "2024-08-05 11:01:08 +0000"
    },
    "done": true
  },
  "ecologics:recipes/ecologics/coconut_boat": {
    "criteria": {
      "in_water": "2024-08-05 16:56:24 +0000"
    },
    "done": true
  },
  "upgradednetherite_ultimate:recipes/upgraded_netherite_pickaxe_smithing": {
    "criteria": {
      "has_netherite_pickaxe": "2024-08-05 11:00:22 +0000"
    },
    "done": true
  },
  "another_furniture:recipes/another_furniture/birch_drawer": {
    "criteria": {
      "has_planks": "2024-08-05 11:01:08 +0000"
    },
    "done": true
  },
  "upgradednetherite:recipes/upgraded_netherite_helmet_smithing": {
    "criteria": {
      "has_netherite_helmet": "2024-08-05 11:00:22 +0000"
    },
    "done": true
  },
  "naturescompass:natures_compass": {
    "criteria": {
      "has_compass": "2024-08-05 11:00:22 +0000"
    },
    "done": true
  },
  "woodworks:recipes/decorations/spruce_ladder": {
    "criteria": {
      "has_stick": "2024-08-05 11:01:08 +0000"
    },
    "done": true
  },
  "backpacked:recipes/backpacked/crimson_backpack_shelf": {
    "criteria": {
      "has_stick": "2024-08-05 11:01:08 +0000"
    },
    "done": true
  },
  "backpacked:recipes/backpacked/oak_backpack_shelf": {
    "criteria": {
      "has_stick": "2024-08-05 11:01:08 +0000"
    },
    "done": true
  },
  "twigs:recipes/cobblestone/cobblestone_bricks_from_stonecutting": {
    "criteria": {
      "has_cobblestone": "2024-08-05 16:55:23 +0000",
      "has_item": "2024-08-05 16:55:23 +0000"
    },
    "done": true
  },
  "minecraft:recipes/food/cooked_salmon_from_smoking": {
    "criteria": {
      "has_salmon": "2024-08-05 11:02:53 +0000"
    },
    "done": true
  },
  "upgradednetherite:recipes/upgraded_netherite_shovel_smithing": {
    "criteria": {
      "has_netherite_shovel": "2024-08-05 11:00:22 +0000"
    },
    "done": true
  },
  "environmental:recipes/decorations/wisteria_chest": {
    "criteria": {
      "has_lots_of_items": "2024-08-05 11:01:24 +0000"
    },
    "done": true
  },
  "upgradednetherite_ultimate:recipes/upgraded_netherite_horse_armor": {
    "criteria": {
      "has_netherite_ingot": "2024-08-05 11:00:22 +0000"
    },
    "done": true
  },
  "another_furniture:recipes/another_furniture/dark_oak_drawer": {
    "criteria": {
      "has_planks": "2024-08-05 11:01:08 +0000"
    },
    "done": true
  },
  "minecraft:recipes/decorations/crafting_table": {
    "criteria": {
      "has_planks": "2024-08-05 11:01:05 +0000"
    },
    "done": true
  },
  "minecraft:recipes/decorations/campfire": {
    "criteria": {
      "has_stick": "2024-08-05 11:01:08 +0000"
    },
    "done": true
  },
  "another_furniture:recipes/another_furniture/jungle_drawer": {
    "criteria": {
      "has_planks": "2024-08-05 11:01:08 +0000"
    },
    "done": true
  },
  "upgradednetherite_items:recipes/gold_upgraded_netherite_apple": {
    "criteria": {
      "has_netherite_ingot": "2024-08-05 11:00:23 +0000"
    },
    "done": true
  },
  "farmersdelight:recipes/farmersdelight/cooking/baked_cod_stew": {
    "criteria": {
      "has_any_ingredient": "2024-08-05 11:02:55 +0000"
    },
    "done": true
  },
  "clayworks:recipes/misc/charcoal_from_baking": {
    "criteria": {
      "has_log": "2024-08-05 11:00:50 +0000"
    },
    "done": true
  },
  "ecologics:recipes/ecologics/flowering_azalea_boat": {
    "criteria": {
      "in_water": "2024-08-05 16:56:24 +0000"
    },
    "done": true
  },
  "upgradednetherite:recipes/upgraded_netherite_axe_smithing": {
    "criteria": {
      "has_netherite_axe": "2024-08-05 11:00:22 +0000"
    },
    "done": true
  },
  "upgradednetherite_ultimate:recipes/upgraded_netherite_ingot": {
    "criteria": {
      "has_netherite_ingot": "2024-08-05 11:00:22 +0000"
    },
    "done": true
  },
  "woodworks:recipes/decorations/birch_ladder": {
    "criteria": {
      "has_stick": "2024-08-05 11:01:08 +0000"
    },
    "done": true
  },
  "minecraft:recipes/tools/wooden_shovel": {
    "criteria": {
      "has_stick": "2024-08-05 11:01:08 +0000"
    },
    "done": true
  },
  "woodworks:recipes/decorations/sawmill": {
    "criteria": {
      "has_planks": "2024-08-05 11:01:05 +0000"
    },
    "done": true
  },
  "woodworks:recipes/decorations/jungle_ladder": {
    "criteria": {
      "has_stick": "2024-08-05 11:01:08 +0000"
    },
    "done": true
  },
  "minecraft:recipes/decorations/torch": {
    "criteria": {
      "has_stone_pickaxe": "2024-08-05 11:02:34 +0000"
    },
    "done": true
  },
  "backpacked:recipes/backpacked/warped_backpack_shelf": {
    "criteria": {
      "has_stick": "2024-08-05 11:01:08 +0000"
    },
    "done": true
  },
  "minecraft:recipes/misc/stick": {
    "criteria": {
      "has_planks": "2024-08-05 11:01:05 +0000"
    },
    "done": true
  },
  "dungeons_arise:find_fishing_hut": {
    "criteria": {
      "location0": "2024-08-05 11:02:38 +0000"
    },
    "done": true
  },
  "mowziesmobs:root": {
    "criteria": {
      "custom_test_name": "2024-08-05 11:00:22 +0000"
    },
    "done": true
  },
  "woodworks:recipes/decorations/warped_ladder": {
    "criteria": {
      "has_stick": "2024-08-05 11:01:08 +0000"
    },
    "done": true
  },
  "upgradednetherite_ultimate:recipes/upgraded_netherite_sword_smithing": {
    "criteria": {
      "has_netherite_sword": "2024-08-05 11:00:23 +0000"
    },
    "done": true
  },
  "minecraft:recipes/building_blocks/mossy_cobblestone_slab_from_mossy_cobblestone_stonecutting": {
    "criteria": {
      "has_mossy_cobblestone": "2024-08-05 11:02:27 +0000"
    },
    "done": true
  },
  "minecraft:recipes/transportation/spruce_boat": {
    "criteria": {
      "in_water": "2024-08-05 16:56:24 +0000"
    },
    "done": true
  },
  "upgradednetherite:recipes/upgraded_netherite_bow_smithing": {
    "criteria": {
      "has_netherite_bow": "2024-08-05 11:00:22 +0000"
    },
    "done": true
  },
  "woodworks:recipes/decorations/warped_chest": {
    "criteria": {
      "has_lots_of_items": "2024-08-05 11:01:24 +0000"
    },
    "done": true
  },
  "minecraft:recipes/combat/wooden_sword": {
    "criteria": {
      "has_stick": "2024-08-05 11:01:08 +0000"
    },
    "done": true
  },
  "minecraft:recipes/tools/stone_shovel": {
    "criteria": {
      "has_cobblestone": "2024-08-05 16:55:23 +0000"
    },
    "done": true
  },
  "farmersdelight:recipes/farmersdelight/cooking/bone_broth": {
    "criteria": {
      "has_bone": "2024-08-05 11:01:40 +0000"
    },
    "done": true
  },
  "minecraft:recipes/building_blocks/mossy_cobblestone_slab": {
    "criteria": {
      "has_mossy_cobblestone": "2024-08-05 11:02:27 +0000"
    },
    "done": true
  },
  "environmental:recipes/transportation/willow_boat": {
    "criteria": {
      "in_water": "2024-08-05 16:56:24 +0000"
    },
    "done": true
  },
  "upgradednetherite_ultimate:recipes/upgraded_netherite_axe_smithing": {
    "criteria": {
      "has_netherite_axe": "2024-08-05 11:00:23 +0000"
    },
    "done": true
  },
  "cataclysm:root": {
    "criteria": {
      "custom_test_name": "2024-08-05 11:00:22 +0000"
    },
    "done": true
  },
  "supplementaries:recipes/hanging_sign_byg/skyris": {
    "criteria": {
      "has_plank": "2024-08-05 11:01:05 +0000"
    },
    "done": true
  },
  "minecraft:recipes/tools/wooden_hoe": {
    "criteria": {
      "has_stick": "2024-08-05 11:01:08 +0000"
    },
    "done": true
  },
  "upgradednetherite_ultimate:recipes/upgraded_netherite_leggings_smithing": {
    "criteria": {
      "has_netherite_leggings": "2024-08-05 11:00:22 +0000"
    },
    "done": true
  },
  "environmental:recipes/decorations/willow_ladder": {
    "criteria": {
      "has_stick": "2024-08-05 11:01:08 +0000"
    },
    "done": true
  },
  "decorative_blocks:recipes/decorative_blocks.general/lattice": {
    "criteria": {
      "has_stick": "2024-08-05 11:01:08 +0000"
    },
    "done": true
  },
  "minecraft:recipes/building_blocks/cobblestone_slab": {
    "criteria": {
      "has_cobblestone": "2024-08-05 16:55:23 +0000"
    },
    "done": true
  },
  "decoration_delight:decoration_101_advancement": {
    "criteria": {
      "decoration_101_advancement": "2024-08-05 11:00:22 +0000"
    },
    "done": true
  },
  "minecraft:recipes/food/cooked_cod": {
    "criteria": {
      "has_cod": "2024-08-05 11:02:55 +0000"
    },
    "done": true
  },
  "minecraft:recipes/misc/bone_meal": {
    "criteria": {
      "has_bone": "2024-08-05 11:01:40 +0000"
    },
    "done": true
  },
  "minecraft:recipes/building_blocks/cobblestone_stairs": {
    "criteria": {
      "has_cobblestone": "2024-08-05 16:55:23 +0000"
    },
    "done": true
  },
  "woodworks:recipes/decorations/acacia_ladder": {
    "criteria": {
      "has_stick": "2024-08-05 11:01:08 +0000"
    },
    "done": true
  },
  "delightful:recipes/food/cooking/sinigang_no_ginger_citrus": {
    "criteria": {
      "has_ginger": "2024-08-05 11:00:44 +0000"
    },
    "done": true
  },
  "minecraft:recipes/building_blocks/mossy_cobblestone_stairs_from_mossy_cobblestone_stonecutting": {
    "criteria": {
      "has_mossy_cobblestone": "2024-08-05 11:02:27 +0000"
    },
    "done": true
  },
  "naturescompass:natures_compass_sapling": {
    "criteria": {
      "has_recipe": "2024-08-05 11:00:22 +0000"
    },
    "done": true
  },
  "farmersdelight:recipes/farmersdelight/grilled_salmon": {
    "criteria": {
      "has_salmon": "2024-08-05 11:02:53 +0000"
    },
    "done": true
  },
  "minecraft:recipes/food/cooked_salmon": {
    "criteria": {
      "has_salmon": "2024-08-05 11:02:53 +0000"
    },
    "done": true
  },
  "treasure2:recipes/treasure2/treasure_tool": {
    "criteria": {
      "has_stick": "2024-08-05 11:01:08 +0000"
    },
    "done": true
  },
  "morevillagers:recipes/gardening_table": {
    "criteria": {
      "has_flower": "2024-08-05 11:01:14 +0000"
    },
    "done": true
  },
  "minecraft:recipes/combat/crossbow": {
    "criteria": {
      "has_stick": "2024-08-05 11:01:08 +0000"
    },
    "done": true
  },
  "autumnity:recipes/decorations/maple_ladder": {
    "criteria": {
      "has_stick": "2024-08-05 11:01:08 +0000"
    },
    "done": true
  },
  "farmersdelight:recipes/farmersdelight/cooking/fish_stew": {
    "criteria": {
      "has_any_ingredient": "2024-08-05 11:02:53 +0000"
    },
    "done": true
  },
  "upgradednetherite_ultimate:recipes/upgraded_netherite_chestplate_smithing": {
    "criteria": {
      "has_netherite_chestplate": "2024-08-05 11:00:23 +0000"
    },
    "done": true
  },
  "woodworks:recipes/decorations/oak_ladder": {
    "criteria": {
      "has_stick": "2024-08-05 11:01:08 +0000"
    },
    "done": true
  },
  "backpacked:recipes/backpacked/dark_oak_backpack_shelf": {
    "criteria": {
      "has_stick": "2024-08-05 11:01:08 +0000"
    },
    "done": true
  },
  "ecologics:recipes/ecologics/azalea_boat": {
    "criteria": {
      "in_water": "2024-08-05 16:56:24 +0000"
    },
    "done": true
  },
  "minecraft:recipes/decorations/mossy_cobblestone_wall": {
    "criteria": {
      "has_mossy_cobblestone": "2024-08-05 11:02:27 +0000"
    },
    "done": true
  },
  "environmental:recipes/decorations/willow_chest": {
    "criteria": {
      "has_lots_of_items": "2024-08-05 11:01:24 +0000"
    },
    "done": true
  },
  "backpacked:recipes/backpacked/spruce_backpack_shelf": {
    "criteria": {
      "has_stick": "2024-08-05 11:01:08 +0000"
    },
    "done": true
  },
  "woodworks:recipes/decorations/crimson_ladder": {
    "criteria": {
      "has_stick": "2024-08-05 11:01:08 +0000"
    },
    "done": true
  },
  "minecraft:recipes/decorations/mossy_cobblestone_wall_from_mossy_cobblestone_stonecutting": {
    "criteria": {
      "has_mossy_cobblestone": "2024-08-05 11:02:27 +0000"
    },
    "done": true
  },
  "twigs:recipes/stripped_bamboo/stripped_bamboo_boat": {
    "criteria": {
      "in_water": "2024-08-05 16:56:24 +0000"
    },
    "done": true
  },
  "betterdungeons:root": {
    "criteria": {
      "always": "2024-08-05 11:00:22 +0000"
    },
    "done": true
  },
  "woodworks:recipes/decorations/jungle_chest": {
    "criteria": {
      "has_lots_of_items": "2024-08-05 11:01:24 +0000"
    },
    "done": true
  },
  "bundledelight:main/root": {
    "criteria": {
      "seeds": "2024-08-05 11:00:22 +0000"
    },
    "done": true
  },
  "minecraft:adventure/kill_a_mob": {
    "criteria": {
      "minecraft:skeleton": "2024-08-05 11:01:40 +0000"
    },
    "done": true
  },
  "clayworks:recipes/building_blocks/stone_from_baking": {
    "criteria": {
      "has_cobblestone": "2024-08-05 16:55:23 +0000"
    },
    "done": true
  },
  "takesapillage:root": {
    "criteria": {
      "always": "2024-08-05 11:00:22 +0000"
    },
    "done": true
  },
  "backpacked:recipes/backpacked/acacia_backpack_shelf": {
    "criteria": {
      "has_stick": "2024-08-05 11:01:08 +0000"
    },
    "done": true
  },
  "byg:root": {
    "criteria": {
      "tick": "2024-08-05 11:00:22 +0000"
    },
    "done": true
  },
  "environmental:recipes/decorations/wisteria_ladder": {
    "criteria": {
      "has_stick": "2024-08-05 11:01:08 +0000"
    },
    "done": true
  },
  "farmersdelight:recipes/farmersdelight/flint_knife": {
    "criteria": {
      "has_stick": "2024-08-05 11:01:08 +0000"
    },
    "done": true
  },
  "woodworks:recipes/decorations/birch_chest": {
    "criteria": {
      "has_lots_of_items": "2024-08-05 11:01:24 +0000"
    },
    "done": true
  },
  "minecraft:story/mine_stone": {
    "criteria": {
      "get_stone": "2024-08-05 16:55:23 +0000"
    },
    "done": true
  },
  "minecraft:recipes/building_blocks/stone": {
    "criteria": {
      "has_cobblestone": "2024-08-05 16:55:23 +0000"
    },
    "done": true
  },
  "delightful:recipes/smelting/green_tea_leaves": {
    "criteria": {
      "has_green_tea_leaves": "2024-08-05 11:01:23 +0000"
    },
    "done": true
  },
  "minecraft:recipes/decorations/furnace": {
    "criteria": {
      "has_cobblestone": "2024-08-05 16:55:24 +0000"
    },
    "done": true
  },
  "morevillagers:root": {
    "criteria": {
      "always": "2024-08-05 11:00:22 +0000"
    },
    "done": true
  },
  "minecraft:recipes/brewing/cauldron": {
    "criteria": {
      "has_water_bucket": "2024-08-05 11:02:54 +0000"
    },
    "done": true
  },
  "minecraft:adventure/adventuring_time": {
    "criteria": {
      "minecraft:snowy_beach": "2024-08-05 11:00:40 +0000"
    },
    "done": false
  },
  "minecraft:recipes/misc/charcoal": {
    "criteria": {
      "has_log": "2024-08-05 11:00:50 +0000"
    },
    "done": true
  },
  "upgradednetherite:recipes/upgraded_netherite_upgrade_smithing": {
    "criteria": {
      "has_netherite_ingot": "2024-08-05 11:00:22 +0000"
    },
    "done": true
  },
  "minecraft:recipes/tools/wooden_pickaxe": {
    "criteria": {
      "has_stick": "2024-08-05 11:01:08 +0000"
    },
    "done": true
  },
  "another_furniture:recipes/another_furniture/crimson_drawer": {
    "criteria": {
      "has_planks": "2024-08-05 11:01:08 +0000"
    },
    "done": true
  },
  "minecraft:recipes/building_blocks/cobblestone_slab_from_cobblestone_stonecutting": {
    "criteria": {
      "has_cobblestone": "2024-08-05 16:55:23 +0000"
    },
    "done": true
  },
  "upgradednetherite_ultimate:recipes/upgraded_netherite_boots_smithing": {
    "criteria": {
      "has_netherite_boots": "2024-08-05 11:00:22 +0000"
    },
    "done": true
  },
  "clayworks:recipes/decorations/kiln": {
    "criteria": {
      "has_cobblestone": "2024-08-05 16:55:23 +0000"
    },
    "done": true
  },
  "minecraft:recipes/transportation/birch_boat": {
    "criteria": {
      "in_water": "2024-08-05 16:56:24 +0000"
    },
    "done": true
  },
  "minecraft:recipes/combat/stone_sword": {
    "criteria": {
      "has_cobblestone": "2024-08-05 16:55:23 +0000"
    },
    "done": true
  },
  "minecraft:recipes/decorations/barrel": {
    "criteria": {
      "has_planks": "2024-08-05 11:01:05 +0000"
    },
    "done": true
  },
  "minecraft:recipes/decorations/cobblestone_wall": {
    "criteria": {
      "has_cobblestone": "2024-08-05 16:55:23 +0000"
    },
    "done": true
  },
  "upgradednetherite:recipes/upgraded_netherite_pickaxe_smithing": {
    "criteria": {
      "has_netherite_pickaxe": "2024-08-05 11:00:23 +0000"
    },
    "done": true
  },
  "upgradednetherite:recipes/netherite_horse_armor": {
    "criteria": {
      "has_netherite_ingot": "2024-08-05 11:00:23 +0000"
    },
    "done": true
  },
  "upgradednetherite:recipes/upgraded_netherite_leggings_smithing": {
    "criteria": {
      "has_netherite_leggings": "2024-08-05 11:00:23 +0000"
    },
    "done": true
  },
  "minecraft:recipes/transportation/acacia_boat": {
    "criteria": {
      "in_water": "2024-08-05 16:56:24 +0000"
    },
    "done": true
  },
  "minecraft:recipes/tools/stone_pickaxe": {
    "criteria": {
      "has_cobblestone": "2024-08-05 16:55:23 +0000"
    },
    "done": true
  },
  "backpacked:recipes/backpacked/jungle_backpack_shelf": {
    "criteria": {
      "has_stick": "2024-08-05 11:01:08 +0000"
    },
    "done": true
  },
  "farmersdelight:recipes/farmersdelight/cutting_board": {
    "criteria": {
      "has_stick": "2024-08-05 11:01:08 +0000"
    },
    "done": true
  },
  "woodworks:recipes/decorations/dark_oak_chest": {
    "criteria": {
      "has_lots_of_items": "2024-08-05 11:01:24 +0000"
    },
    "done": true
  },
  "woodworks:recipes/decorations/acacia_chest": {
    "criteria": {
      "has_lots_of_items": "2024-08-05 11:01:24 +0000"
    },
    "done": true
  },
  "minecraft:adventure/root": {
    "criteria": {
      "killed_something": "2024-08-05 11:01:40 +0000"
    },
    "done": true
  },
  "upgradednetherite:recipes/upgraded_netherite_horse_armor": {
    "criteria": {
      "has_netherite_ingot": "2024-08-05 11:00:22 +0000"
    },
    "done": true
  },
  "delightful:recipes/campfire/green_tea_leaves": {
    "criteria": {
      "has_green_tea_leaves": "2024-08-05 11:01:23 +0000"
    },
    "done": true
  },
  "minecraft:recipes/transportation/jungle_boat": {
    "criteria": {
      "in_water": "2024-08-05 16:56:24 +0000"
    },
    "done": true
  },
  "minecraft:recipes/food/cooked_salmon_from_campfire_cooking": {
    "criteria": {
      "has_salmon": "2024-08-05 11:02:53 +0000"
    },
    "done": true
  },
  "minecraft:recipes/decorations/cobblestone_wall_from_cobblestone_stonecutting": {
    "criteria": {
      "has_cobblestone": "2024-08-05 16:55:23 +0000"
    },
    "done": true
  },
  "delightful:recipes/smoking/green_tea_leaves": {
    "criteria": {
      "has_green_tea_leaves": "2024-08-05 11:01:23 +0000"
    },
    "done": true
  },
  "supplementaries:recipes/sign_post_byg/skyris": {
    "criteria": {
      "has_plank": "2024-08-05 11:01:05 +0000"
    },
    "done": true
  },
  "farmersdelight:main/root": {
    "criteria": {
      "seeds": "2024-08-05 11:00:22 +0000"
    },
    "done": true
  },
  "shieldexp:recipes/wooden_shield": {
    "criteria": {
      "has_stick": "2024-08-05 11:01:08 +0000"
    },
    "done": true
  },
  "minecraft:recipes/tools/stone_hoe": {
    "criteria": {
      "has_cobblestone": "2024-08-05 16:55:23 +0000"
    },
    "done": true
  },
  "minecraft:recipes/transportation/dark_oak_boat": {
    "criteria": {
      "in_water": "2024-08-05 16:56:24 +0000"
    },
    "done": true
  },
  "autumnity:recipes/decorations/maple_chest": {
    "criteria": {
      "has_lots_of_items": "2024-08-05 11:01:24 +0000"
    },
    "done": true
  },
  "upgradednetherite:recipes/upgraded_netherite_ingot": {
    "criteria": {
      "has_netherite_ingot": "2024-08-05 11:00:23 +0000"
    },
    "done": true
  },
  "architects_palette:main/root": {
    "criteria": {
      "craftingtable": "2024-08-05 11:00:22 +0000"
    },
    "done": true
  },
  "another_furniture:recipes/another_furniture/acacia_drawer": {
    "criteria": {
      "has_planks": "2024-08-05 11:01:08 +0000"
    },
    "done": true
  },
  "minecraft:adventure/kill_all_mobs": {
    "criteria": {
      "minecraft:skeleton": "2024-08-05 11:01:40 +0000",
      "minecraft:zombie": "2024-08-05 11:01:46 +0000"
    },
    "done": false
  },
  "upgradednetherite_items:recipes/netherite_apple": {
    "criteria": {
      "has_netherite_ingot": "2024-08-05 11:00:23 +0000"
    },
    "done": true
  },
  "backpacked:recipes/backpacked/birch_backpack_shelf": {
    "criteria": {
      "has_stick": "2024-08-05 11:01:08 +0000"
    },
    "done": true
  },
  "dungeons_arise:wda_root": {
    "criteria": {
      "WDA": "2024-08-05 11:00:23 +0000"
    },
    "done": true
  },
  "environmental:recipes/transportation/wisteria_boat": {
    "criteria": {
      "in_water": "2024-08-05 16:56:24 +0000"
    },
    "done": true
  },
  "woodworks:recipes/decorations/oak_chest": {
    "criteria": {
      "has_lots_of_items": "2024-08-05 11:01:24 +0000"
    },
    "done": true
  },
  "farmersdelight:recipes/farmersdelight/cooking/dog_food": {
    "criteria": {
      "has_any_ingredient": "2024-08-05 11:01:46 +0000"
    },
    "done": true
  },
  "upgradednetherite_ultimate:recipes/upgraded_netherite_bow_smithing": {
    "criteria": {
      "has_netherite_bow": "2024-08-05 11:00:22 +0000"
    },
    "done": true
  },
  "byg:husbandry/granny_smith": {
    "criteria": {
      "green_apple": "2024-08-05 11:00:44 +0000"
    },
    "done": true
  },
  "minecraft:recipes/food/cooked_cod_from_smoking": {
    "criteria": {
      "has_cod": "2024-08-05 11:02:55 +0000"
    },
    "done": true
  },
  "wildbackport:recipes/transportation/mangrove_boat": {
    "criteria": {
      "in_water": "2024-08-05 16:56:24 +0000"
    },
    "done": true
  },
  "twigs:recipes/cobblestone/cobblestone_bricks": {
    "criteria": {
      "has_cobblestone": "2024-08-05 16:55:24 +0000"
    },
    "done": true
  },
  "environmental:recipes/decorations/cherry_chest": {
    "criteria": {
      "has_lots_of_items": "2024-08-05 11:01:24 +0000"
    },
    "done": true
  },
  "upgradednetherite:recipes/upgraded_netherite_sword_smithing": {
    "criteria": {
      "has_netherite_sword": "2024-08-05 11:00:23 +0000"
    },
    "done": true
  },
  "another_furniture:recipes/another_furniture/warped_drawer": {
    "criteria": {
      "has_planks": "2024-08-05 11:01:08 +0000"
    },
    "done": true
  },
  "woodworks:recipes/decorations/dark_oak_ladder": {
    "criteria": {
      "has_stick": "2024-08-05 11:01:08 +0000"
    },
    "done": true
  },
  "upgradednetherite:recipes/upgraded_netherite_boots_smithing": {
    "criteria": {
      "has_netherite_boots": "2024-08-05 11:00:23 +0000"
    },
    "done": true
  },
  "another_furniture:recipes/another_furniture/spruce_drawer": {
    "criteria": {
      "has_planks": "2024-08-05 11:01:08 +0000"
    },
    "done": true
  },
  "naturescompass:natures_compass_log": {
    "criteria": {
      "has_recipe": "2024-08-05 11:00:22 +0000"
    },
    "done": true
  },
  "environmental:recipes/transportation/cherry_boat": {
    "criteria": {
      "in_water": "2024-08-05 16:56:24 +0000"
    },
    "done": true
  },
  "minecraft:story/upgrade_tools": {
    "criteria": {
      "stone_pickaxe": "2024-08-05 11:02:34 +0000"
    },
    "done": true
  },
  "byg:biomepedia_gift": {
    "criteria": {
      "tick": "2024-08-05 11:00:22 +0000"
    },
    "done": true
  },
  "minecraft:recipes/decorations/soul_campfire": {
    "criteria": {
      "has_stick": "2024-08-05 11:01:08 +0000"
    },
    "done": true
  },
  "minecraft:recipes/transportation/oak_boat": {
    "criteria": {
      "in_water": "2024-08-05 16:56:24 +0000"
    },
    "done": true
  },
  "autumnity:recipes/transportation/maple_boat": {
    "criteria": {
      "in_water": "2024-08-05 16:56:24 +0000"
    },
    "done": true
  },
  "upgradednetherite_ultimate:recipes/upgraded_netherite_helmet_smithing": {
    "criteria": {
      "has_netherite_helmet": "2024-08-05 11:00:23 +0000"
    },
    "done": true
  },
  "minecraft:recipes/food/cooked_cod_from_campfire_cooking": {
    "criteria": {
      "has_cod": "2024-08-05 11:02:55 +0000"
    },
    "done": true
  },
  "snowyspirit:recipes/sled_byg/skyris": {
    "criteria": {
      "has_plank": "2024-08-05 11:01:05 +0000"
    },
    "done": true
  },
  "minecraft:recipes/tools/stone_axe": {
    "criteria": {
      "has_cobblestone": "2024-08-05 16:55:23 +0000"
    },
    "done": true
  },
  "minecraft:recipes/building_blocks/mossy_cobblestone_stairs": {
    "criteria": {
      "has_mossy_cobblestone": "2024-08-05 11:02:27 +0000"
    },
    "done": true
  },
  "repurposed_structures:root": {
    "criteria": {
      "always": "2024-08-05 11:00:22 +0000"
    },
    "done": true
  },
  "upgradednetherite_ultimate:recipes/upgraded_netherite_shovel_smithing": {
    "criteria": {
      "has_netherite_shovel": "2024-08-05 11:00:22 +0000"
    },
    "done": true
  },
  "DataVersion": 2975
}